f1_rank,cfg_id,val_f1,val_acc,val_auc
1,d128_ff512_L4_last_spe__adam_lr1e-03_plateau_do0.1_wd1e-05,0.8916,0.9448,0.9825
2,d128_ff256_L4_last_spe__adamw_lr1e-04_plateau_do0.1_wd1e-02,0.8882,0.9432,0.9795
3,d128_ff256_L4_last_spe__adamw_lr1e-04_plateau_do0.1_wd1e-05,0.8882,0.9432,0.9795
4,d128_ff256_L4_last_spe__adamw_lr3e-04_warmup_cosine_do0.1_wd1e-02,0.8847,0.9416,0.9823
5,d128_ff256_L4_last_spe__adamw_lr3e-04_warmup_cosine_do0.1_wd1e-05,0.8847,0.9416,0.9823
6,d128_ff256_L4_last_spe__adamw_lr1e-03_warmup_cosine_do0.1_wd1e-05,0.8779,0.9416,0.9822
7,d128_ff512_L4_last_spe__adamw_lr1e-03_plateau_do0.1_wd1e-05,0.8773,0.9369,0.9801
8,d64_ff128_L4_mean_spe__adam_lr1e-03_plateau_do0.1_wd1e-05,0.8742,0.9369,0.9732
9,d128_ff512_L4_last_spe__adamw_lr1e-03_plateau_do0.1_wd1e-02,0.8715,0.9353,0.9813
10,d128_ff256_L2_cls_spe__adam_lr1e-03_plateau_do0.1_wd1e-05,0.8701,0.9322,0.9792
11,d128_ff256_L4_last_spe__adamw_lr1e-03_plateau_do0.1_wd1e-05,0.8696,0.9338,0.9833
12,d128_ff256_L4_last_spe__adam_lr1e-03_plateau_do0.1_wd1e-05,0.869,0.9306,0.9839
13,d128_ff256_L4_last_spe__adamw_lr1e-04_warmup_cosine_do0.1_wd1e-02,0.8685,0.9322,0.9794
14,d128_ff256_L4_last_spe__adamw_lr1e-04_warmup_cosine_do0.1_wd1e-05,0.8685,0.9322,0.9794
15,d128_ff512_L4_mean_spe__adam_lr1e-03_plateau_do0.1_wd1e-05,0.8665,0.929,0.9789
16,d128_ff256_L2_mean_spe__adamw_lr1e-03_plateau_do0.1_wd1e-02,0.864,0.929,0.9812
17,d128_ff256_L4_mean_spe__adam_lr1e-03_plateau_do0.1_wd1e-05,0.8624,0.929,0.9815
18,d128_ff256_L4_last_spe__adamw_lr1e-04_warmup_cosine_do0.3_wd1e-02,0.8624,0.929,0.9768
19,d128_ff256_L4_last_spe__adamw_lr1e-04_warmup_cosine_do0.3_wd1e-05,0.8624,0.929,0.9768
20,d128_ff256_L2_mean_spe__adam_lr1e-03_plateau_do0.1_wd1e-05,0.8617,0.9322,0.9819
21,d128_ff512_L2_last_spe__adam_lr1e-03_plateau_do0.1_wd1e-05,0.8598,0.929,0.9807
22,d128_ff256_L4_last_spe__adamw_lr1e-04_plateau_do0.3_wd1e-02,0.8598,0.9274,0.9767
23,d128_ff256_L4_last_spe__adamw_lr1e-04_plateau_do0.3_wd1e-05,0.8598,0.9274,0.9767
24,d128_ff256_L4_last_spe__adamw_lr1e-03_warmup_cosine_do0.1_wd1e-02,0.858,0.9274,0.9824
25,d128_ff256_L4_last_spe__adamw_lr3e-04_plateau_do0.1_wd1e-02,0.858,0.9259,0.9798
26,d128_ff256_L4_last_spe__adamw_lr3e-04_plateau_do0.1_wd1e-05,0.858,0.9259,0.9797
27,d128_ff256_L2_last_spe__adam_lr1e-03_plateau_do0.1_wd1e-05,0.8571,0.9259,0.9804
28,d64_ff128_L4_last_spe__adam_lr1e-03_plateau_do0.1_wd1e-05,0.8554,0.9243,0.9759
29,d128_ff512_L4_last_spe__adamw_lr1e-03_warmup_cosine_do0.1_wd1e-02,0.8553,0.9274,0.9818
30,d128_ff256_L2_mean_spe__adamw_lr1e-03_plateau_do0.1_wd1e-05,0.8544,0.9274,0.9808
31,d128_ff256_L4_mean_lpe__adam_lr1e-03_plateau_do0.1_wd1e-05,0.85,0.9243,0.9701
32,d128_ff512_L2_cls_lpe__adam_lr1e-03_plateau_do0.1_wd1e-05,0.85,0.9243,0.9576
33,d128_ff256_L4_last_spe__adamw_lr1e-03_warmup_cosine_do0.5_wd1e-05,0.8498,0.9259,0.9685
34,d128_ff256_L4_last_spe__adamw_lr1e-03_plateau_do0.1_wd1e-02,0.8478,0.9196,0.9828
35,d128_ff256_L4_last_spe__adamw_lr3e-04_warmup_cosine_do0.3_wd1e-05,0.8478,0.9196,0.9776
36,d128_ff256_L4_last_spe__adamw_lr3e-04_warmup_cosine_do0.3_wd1e-02,0.8478,0.9196,0.9776
37,d128_ff512_L2_cls_spe__adam_lr1e-03_plateau_do0.1_wd1e-05,0.8473,0.9164,0.9777
38,d128_ff256_L4_last_spe__adamw_lr1e-03_plateau_do0.3_wd1e-02,0.8446,0.9164,0.9712
39,d128_ff256_L2_mean_spe__adamw_lr1e-03_warmup_cosine_do0.1_wd1e-02,0.8443,0.918,0.9815
40,d64_ff128_L2_last_spe__adam_lr1e-03_plateau_do0.1_wd1e-05,0.8438,0.9211,0.9802
41,d128_ff512_L2_mean_lpe__adam_lr1e-03_plateau_do0.1_wd1e-05,0.8435,0.9227,0.9746
42,d128_ff256_L4_last_spe__adamw_lr1e-03_warmup_cosine_do0.3_wd1e-05,0.843,0.9148,0.9723
43,d128_ff512_L4_cls_spe__adam_lr1e-03_plateau_do0.1_wd1e-05,0.8428,0.9211,0.9751
44,d128_ff256_L4_last_spe__adamw_lr3e-04_plateau_do0.3_wd1e-05,0.8427,0.9164,0.9775
45,d128_ff256_L4_last_spe__adamw_lr3e-04_plateau_do0.3_wd1e-02,0.8427,0.9164,0.9775
46,d64_ff128_L2_mean_spe__adam_lr1e-03_plateau_do0.1_wd1e-05,0.8421,0.9243,0.9749
47,d64_ff128_L4_cls_spe__adam_lr1e-03_plateau_do0.1_wd1e-05,0.8411,0.9196,0.9659
48,d128_ff512_L4_last_lpe__adam_lr1e-03_plateau_do0.1_wd1e-05,0.8385,0.918,0.9745
49,d128_ff256_L4_last_spe__adamw_lr1e-03_warmup_cosine_do0.3_wd1e-02,0.8382,0.9117,0.9771
50,d128_ff256_L4_last_spe__adamw_lr3e-04_plateau_do0.5_wd1e-02,0.8359,0.9164,0.9688
51,d128_ff256_L4_last_spe__adamw_lr3e-04_plateau_do0.5_wd1e-05,0.8359,0.9164,0.9686
52,d128_ff256_L4_last_spe__adamw_lr3e-04_warmup_cosine_do0.5_wd1e-02,0.8328,0.9164,0.9687
53,d128_ff256_L4_last_spe__adamw_lr3e-04_warmup_cosine_do0.5_wd1e-05,0.8328,0.9164,0.9686
54,d128_ff512_L2_mean_spe__adam_lr1e-03_plateau_do0.1_wd1e-05,0.8309,0.9069,0.9752
55,d128_ff256_L4_cls_spe__adam_lr1e-03_plateau_do0.1_wd1e-05,0.8307,0.9164,0.9785
56,d128_ff512_L2_last_lpe__adam_lr1e-03_plateau_do0.1_wd1e-05,0.8288,0.9101,0.9715
57,d128_ff256_L4_last_spe__adamw_lr1e-03_warmup_cosine_do0.5_wd1e-02,0.8272,0.9117,0.9647
58,d128_ff512_L4_mean_lpe__adam_lr1e-03_plateau_do0.1_wd1e-05,0.8243,0.918,0.9754
59,d128_ff256_L4_last_spe__adamw_lr1e-03_plateau_do0.3_wd1e-05,0.8228,0.9069,0.9712
60,d128_ff256_L2_mean_lpe__adam_lr1e-03_plateau_do0.1_wd1e-05,0.8197,0.9132,0.9683
61,d128_ff256_L2_last_lpe__adam_lr1e-03_plateau_do0.1_wd1e-05,0.8193,0.9054,0.9535
62,d128_ff256_L4_last_spe__adamw_lr1e-04_warmup_cosine_do0.5_wd1e-05,0.8163,0.9006,0.9591
63,d128_ff256_L4_last_spe__adamw_lr1e-04_warmup_cosine_do0.5_wd1e-02,0.8163,0.9006,0.959
64,d128_ff256_L4_last_lpe__adam_lr1e-03_plateau_do0.1_wd1e-05,0.8155,0.9101,0.9682
65,d128_ff256_L2_cls_lpe__adam_lr1e-03_plateau_do0.1_wd1e-05,0.8135,0.9038,0.9594
66,d64_ff128_L2_mean_lpe__adam_lr1e-03_plateau_do0.1_wd1e-05,0.8131,0.9006,0.959
67,d128_ff512_L4_cls_lpe__adam_lr1e-03_plateau_do0.1_wd1e-05,0.811,0.9022,0.9564
68,d128_ff256_L4_last_spe__adamw_lr1e-04_plateau_do0.5_wd1e-05,0.8097,0.9006,0.9603
69,d128_ff256_L4_last_spe__adamw_lr1e-04_plateau_do0.5_wd1e-02,0.8097,0.9006,0.9603
70,d64_ff128_L2_cls_spe__adam_lr1e-03_plateau_do0.1_wd1e-05,0.8082,0.9117,0.9621
71,d64_ff128_L2_last_lpe__adam_lr1e-03_plateau_do0.1_wd1e-05,0.8053,0.9069,0.9596
72,d64_ff128_L4_cls_lpe__adam_lr1e-03_plateau_do0.1_wd1e-05,0.8036,0.8959,0.9628
73,d64_ff128_L4_last_lpe__adam_lr1e-03_plateau_do0.1_wd1e-05,0.8012,0.8912,0.9584
74,d64_ff128_L4_mean_lpe__adam_lr1e-03_plateau_do0.1_wd1e-05,0.7963,0.8959,0.9489
75,d64_ff128_L2_cls_lpe__adam_lr1e-03_plateau_do0.1_wd1e-05,0.7888,0.8927,0.9565
76,d128_ff256_L4_cls_lpe__adam_lr1e-03_plateau_do0.1_wd1e-05,0.7879,0.8785,0.9558
77,d128_ff256_L4_last_spe__adamw_lr1e-03_plateau_do0.5_wd1e-02,0.7606,0.858,0.953
78,d128_ff256_L4_last_spe__adamw_lr1e-03_plateau_do0.5_wd1e-05,0.7606,0.858,0.9519
